{
  "0.2": {
    "adaptive": {
      "dose_mean": 0.19989669421487605,
      "dose_ci_low": 0.19989669421487602,
      "dose_ci_high": 0.19989669421487608,
      "psnr_mean": 35.33926586078765,
      "psnr_ci_low": 35.33926586078765,
      "psnr_ci_high": 35.33926586078765,
      "nrmse_mean": 0.14021502833692887,
      "nrmse_ci_low": 0.14021502833692884,
      "nrmse_ci_high": 0.1402150283369289
    },
    "regular": {
      "dose_mean": 0.19989669421487605,
      "dose_ci_low": 0.19989669421487602,
      "dose_ci_high": 0.19989669421487608,
      "psnr_mean": 36.207104660706406,
      "psnr_ci_low": 36.2071046607064,
      "psnr_ci_high": 36.20710466070641,
      "nrmse_mean": 0.12688276124591352,
      "nrmse_ci_low": 0.1268827612459135,
      "nrmse_ci_high": 0.12688276124591355
    },
    "random": {
      "dose_mean": 0.19989669421487605,
      "dose_ci_low": 0.19989669421487602,
      "dose_ci_high": 0.19989669421487608,
      "psnr_mean": 36.03505247742596,
      "psnr_ci_low": 35.967384391025846,
      "psnr_ci_high": 36.10272056382607,
      "nrmse_mean": 0.12943031922009324,
      "nrmse_ci_low": 0.12842675072244614,
      "nrmse_ci_high": 0.13043388771774034
    }
  },
  "0.3": {
    "adaptive": {
      "dose_mean": 0.2040289256198347,
      "dose_ci_low": 0.2040289256198347,
      "dose_ci_high": 0.2040289256198347,
      "psnr_mean": 35.42887697018771,
      "psnr_ci_low": 35.4288769701877,
      "psnr_ci_high": 35.428876970187716,
      "nrmse_mean": 0.13877588600912147,
      "nrmse_ci_low": 0.13877588600912147,
      "nrmse_ci_high": 0.13877588600912147
    },
    "regular": {
      "dose_mean": 0.2040289256198347,
      "dose_ci_low": 0.2040289256198347,
      "dose_ci_high": 0.2040289256198347,
      "psnr_mean": 36.328341754383565,
      "psnr_ci_low": 36.32834175438356,
      "psnr_ci_high": 36.32834175438357,
      "nrmse_mean": 0.12512405136711197,
      "nrmse_ci_low": 0.12512405136711197,
      "nrmse_ci_high": 0.12512405136711197
    },
    "random": {
      "dose_mean": 0.2040289256198347,
      "dose_ci_low": 0.2040289256198347,
      "dose_ci_high": 0.2040289256198347,
      "psnr_mean": 36.0854889430846,
      "psnr_ci_low": 36.016197227350425,
      "psnr_ci_high": 36.15478065881877,
      "nrmse_mean": 0.12868138604557605,
      "nrmse_ci_low": 0.12765816091707616,
      "nrmse_ci_high": 0.12970461117407595
    }
  },
  "0.4": {
    "adaptive": {
      "dose_mean": 0.2040289256198347,
      "dose_ci_low": 0.2040289256198347,
      "dose_ci_high": 0.2040289256198347,
      "psnr_mean": 35.42887697018771,
      "psnr_ci_low": 35.4288769701877,
      "psnr_ci_high": 35.428876970187716,
      "nrmse_mean": 0.13877588600912147,
      "nrmse_ci_low": 0.13877588600912147,
      "nrmse_ci_high": 0.13877588600912147
    },
    "regular": {
      "dose_mean": 0.2040289256198347,
      "dose_ci_low": 0.2040289256198347,
      "dose_ci_high": 0.2040289256198347,
      "psnr_mean": 36.328341754383565,
      "psnr_ci_low": 36.32834175438356,
      "psnr_ci_high": 36.32834175438357,
      "nrmse_mean": 0.12512405136711197,
      "nrmse_ci_low": 0.12512405136711197,
      "nrmse_ci_high": 0.12512405136711197
    },
    "random": {
      "dose_mean": 0.2040289256198347,
      "dose_ci_low": 0.2040289256198347,
      "dose_ci_high": 0.2040289256198347,
      "psnr_mean": 36.0854889430846,
      "psnr_ci_low": 36.016197227350425,
      "psnr_ci_high": 36.15478065881877,
      "nrmse_mean": 0.12868138604557605,
      "nrmse_ci_low": 0.12765816091707616,
      "nrmse_ci_high": 0.12970461117407595
    }
  }
}